{
  "metadata": {
    "timestamp_utc": "2026-02-16T04:45:38.320555361+00:00",
    "iterations": 60,
    "note": "synthetic mode"
  },
  "metrics": {
    "bench.mode.real": 0.0,
    "channel.send.median_ms": 19.263091,
    "channel.send.p90_ms": 19.386639000000002,
    "channel.send.p95_ms": 19.403983,
    "cost.per_task_usd": 0.013499999999999998,
    "memory.recall.avg_ms": 0.8231383833333333,
    "memory.recall.median_ms": 0.813917,
    "memory.recall.p90_ms": 0.854087,
    "memory.recall.p95_ms": 0.9123560000000001,
    "provider.fast.median_ms": 15.249644,
    "provider.fast.p90_ms": 15.365689999999999,
    "provider.fast.p95_ms": 15.409396000000001,
    "provider.normal.median_ms": 33.323226,
    "provider.normal.p90_ms": 33.478969,
    "provider.normal.p95_ms": 33.508245,
    "tool.exec.median_ms": 12.275012,
    "tool.exec.p90_ms": 12.383376,
    "tool.exec.p95_ms": 12.401676,
    "ttft.median_ms": 15.249644,
    "ttft.p90_ms": 15.365689999999999,
    "ttft.p95_ms": 15.409396000000001,
    "cold_start.median_ms": 5.3569108713418245,
    "cold_start.p90_ms": 6.3958559185266495,
    "cold_start.p95_ms": 6.954006152227521,
    "cold_start.avg_ms": 5.56320765754208,
    "samples": 20
  },
  "raw_samples_ms": {
    "channel.send": [
      19.270764999999997,
      19.313468,
      19.212646,
      19.251282,
      19.229613,
      19.355892,
      19.225626,
      19.328009,
      19.51337,
      19.247709,
      19.370043,
      19.329051,
      19.149402,
      19.263091,
      19.139317,
      19.410292,
      19.175391,
      19.207538,
      19.239987,
      19.211094000000003,
      19.223751,
      19.342302,
      19.237102,
      19.226397,
      19.305395,
      19.294791,
      19.239445,
      19.46646,
      19.272005,
      19.200879,
      19.208299,
      19.400388,
      19.232105999999998,
      19.192134,
      19.269002,
      19.331326,
      19.30312,
      19.250525,
      19.359336000000003,
      19.264906,
      18.342634,
      19.399699,
      19.237344,
      19.205845,
      19.19491,
      19.326978,
      19.194760000000002,
      19.242269999999998,
      19.386639000000002,
      19.20281,
      19.177214000000003,
      18.395104999999997,
      19.26835,
      19.271103,
      19.275622,
      19.403983,
      19.326437,
      19.327458,
      19.379668,
      19.248622
    ],
    "memory.recall": [
      1.0561209999999999,
      0.873116,
      0.820456,
      0.833827,
      0.837562,
      0.828518,
      0.810651,
      0.825103,
      0.810882,
      0.8360280000000001,
      0.9123560000000001,
      1.0746390000000001,
      0.954998,
      0.8403459999999999,
      0.8150679999999999,
      0.8239420000000001,
      0.8005650000000001,
      0.8280470000000001,
      0.823381,
      0.821999,
      0.803771,
      0.8144969999999999,
      0.795529,
      0.815908,
      0.817963,
      0.854087,
      0.88262,
      0.839595,
      0.808299,
      0.824401,
      0.820827,
      0.804743,
      0.817351,
      0.800126,
      0.808349,
      0.814307,
      0.794597,
      0.822279,
      0.799665,
      0.82304,
      0.813746,
      0.813917,
      0.779924,
      0.7970609999999999,
      0.779674,
      0.7993549999999999,
      0.782368,
      0.791352,
      0.770011,
      0.804932,
      0.794318,
      0.787095,
      0.7930860000000001,
      0.771832,
      0.790742,
      0.78985,
      0.7771009999999999,
      0.790832,
      0.768567,
      0.8029810000000001
    ],
    "provider.fast": [
      15.213711,
      15.232569,
      15.221483,
      15.231118,
      15.348404,
      15.21922,
      15.208333,
      15.210987000000001,
      15.322866,
      15.238408999999999,
      15.203746,
      15.188744,
      14.237301,
      15.212429,
      15.243186000000001,
      15.201312999999999,
      14.389681,
      16.006645,
      15.299781,
      15.232239,
      15.215816,
      15.200882,
      15.203846,
      15.296085,
      15.24634,
      14.441078,
      15.339591,
      15.310167,
      15.234892,
      15.380533999999999,
      15.336487,
      14.293885,
      15.300051999999999,
      15.49826,
      15.360594,
      15.293172,
      15.238668,
      14.301146000000001,
      15.249644,
      15.290557999999999,
      15.271808,
      15.244898999999998,
      15.380542,
      15.304477,
      15.347714,
      15.297989,
      15.409396000000001,
      15.365689999999999,
      15.348664999999999,
      15.283275000000001,
      15.466722,
      15.200381,
      15.277968,
      15.213470999999998,
      15.323826,
      15.24591,
      15.306772,
      15.224838,
      15.337708000000001,
      15.264437000000001
    ],
    "provider.normal": [
      33.228543,
      33.333981,
      33.572822,
      33.358038,
      33.26034,
      33.375164999999996,
      33.269282999999994,
      33.41703699999999,
      33.302404,
      33.406441,
      33.31403,
      33.243307,
      33.393251,
      33.306502,
      33.487632000000005,
      33.323226,
      33.539931,
      33.375634,
      33.508245,
      32.295989,
      33.389866,
      33.370787,
      33.507883,
      33.329715,
      32.400136,
      33.297754,
      33.377449,
      32.303761,
      33.417114,
      33.282833999999994,
      32.527075,
      33.315676,
      32.440104,
      33.31982,
      33.4644,
      33.340591,
      33.384756,
      33.286803,
      33.332188,
      33.42523,
      33.258144,
      33.318940999999995,
      33.235352000000006,
      33.471098999999995,
      33.314099999999996,
      33.466311999999995,
      33.313792,
      33.478969,
      33.290055,
      32.428468,
      33.242613999999996,
      33.385510000000004,
      32.295393999999995,
      33.386072000000006,
      33.258789,
      32.446885,
      33.305917,
      33.510329,
      33.279109,
      33.332368
    ],
    "tool.exec": [
      12.252268,
      11.273162999999998,
      12.387865,
      12.257107,
      11.338712000000001,
      12.290528,
      12.345781,
      12.364116,
      12.532804,
      12.376115,
      12.316927999999999,
      12.264607999999999,
      12.265009000000001,
      11.558655,
      12.318368999999999,
      12.383376,
      12.373871999999999,
      12.401676,
      12.518671,
      12.334683,
      12.385470000000002,
      12.381765,
      12.227111,
      11.285193000000001,
      12.250516,
      12.198079,
      12.227682,
      12.197067,
      12.269924999999999,
      12.270638,
      12.267211,
      12.274925000000001,
      12.312371,
      12.254992,
      12.336347,
      12.227612,
      12.2531,
      12.224027,
      12.21328,
      11.287777,
      12.249626,
      12.279269000000001,
      12.300742999999999,
      12.285898999999999,
      12.372259999999999,
      12.453273000000001,
      12.242614000000001,
      12.251338,
      12.258849,
      12.223365,
      12.323948,
      12.303036,
      12.30544,
      12.317468,
      12.275012,
      12.310167,
      11.250049,
      12.324828,
      12.277569,
      12.25977
    ],
    "cold_start": [
      6.954006152227521,
      7.021299097687006,
      5.3569108713418245,
      5.4324239026755095,
      5.517181940376759,
      5.424232920631766,
      5.115987965837121,
      6.3958559185266495,
      5.520117003470659,
      5.310720996931195,
      5.501799052581191,
      5.316819995641708,
      5.314487032592297,
      5.256901029497385,
      5.269668996334076,
      5.030428990721703,
      5.206363974139094,
      5.307225976139307,
      5.733087193220854,
      5.278634140267968
    ]
  }
}