{
  "metadata": {
    "timestamp_utc": "2026-02-16T06:04:07.862103650+00:00",
    "iterations": 60,
    "note": "synthetic mode"
  },
  "metrics": {
    "bench.mode.real": 0.0,
    "bench.real_channel_used": 0.0,
    "bench.real_provider_used": 0.0,
    "bench.real_tool_used": 0.0,
    "cache.response.hit_rate": 0.5,
    "cb.open_count": 0.0,
    "cb.reject_count": 0.0,
    "cb.state": 0.0,
    "channel.send.median_ms": 19.241358,
    "channel.send.p90_ms": 19.339946,
    "channel.send.p95_ms": 19.365243,
    "circuitbreaker.close_count": 1.0,
    "circuitbreaker.half_open_count": 0.0,
    "circuitbreaker.open_count": 0.0,
    "circuitbreaker.reject_count": 0.0,
    "circuitbreaker.state": 0.0,
    "cost.input_rate_per_m": 5.0,
    "cost.input_tokens": 1200.0,
    "cost.output_rate_per_m": 15.0,
    "cost.output_tokens": 500.0,
    "cost.per_task_usd": 0.013499999999999998,
    "memory.recall.avg_ms": 0.8910004666666667,
    "memory.recall.hit_at_k": 1.0,
    "memory.recall.median_ms": 0.868266,
    "memory.recall.p90_ms": 0.9393929999999999,
    "memory.recall.p95_ms": 1.0416670000000001,
    "memory.recall.precision_proxy": 1.0,
    "provider.cache.hit_rate": 0.5,
    "provider.circuit.reject_rate": 0.0,
    "provider.coalesced_wait_count": 0.0,
    "provider.fast.median_ms": 15.291958,
    "provider.fast.p90_ms": 15.428424,
    "provider.fast.p95_ms": 15.503085,
    "provider.hedge_launch_count": 0.0,
    "provider.hedge_win_count": 0.0,
    "provider.normal.median_ms": 33.327541000000004,
    "provider.normal.p90_ms": 33.460651,
    "provider.normal.p95_ms": 33.499489,
    "provider.retry_count": 2.0,
    "provider.timeout_rate": 0.6666666666666666,
    "tool.exec.median_ms": 12.265317,
    "tool.exec.p90_ms": 12.346889,
    "tool.exec.p95_ms": 12.358244000000001,
    "ttft.median_ms": 15.291958,
    "ttft.p90_ms": 15.428424,
    "ttft.p95_ms": 15.503085,
    "cold_start.median_ms": 5.4065019357949495,
    "cold_start.p90_ms": 5.733291851356626,
    "cold_start.p95_ms": 6.149369059130549,
    "cold_start.avg_ms": 5.268422712106258,
    "samples": 60
  },
  "raw_samples_ms": {
    "channel.send": [
      19.223591000000003,
      19.339104,
      19.244481,
      19.206635,
      19.180766,
      19.197771,
      19.195567999999998,
      19.233996,
      19.365243,
      19.233996,
      19.280977,
      19.357521,
      19.222759,
      19.25009,
      19.275648,
      19.167376,
      19.181216,
      19.176470000000002,
      18.394814,
      19.278384,
      19.184432,
      19.265573,
      18.229633,
      19.241358,
      19.23663,
      19.325654,
      19.211551,
      19.248037,
      19.320016,
      19.221417000000002,
      19.334246999999998,
      19.408148,
      19.30387,
      19.339946,
      19.251633,
      19.237451,
      19.225533,
      19.239503000000003,
      19.342199,
      19.28275,
      18.288313000000002,
      19.387688,
      19.235819000000003,
      19.239534,
      19.290831,
      19.253895,
      19.277191,
      18.274173,
      19.333946,
      19.213014,
      19.196139000000002,
      18.391538999999998,
      19.244041,
      19.244532000000003,
      19.193844000000002,
      19.302329999999998,
      19.158352,
      19.235278,
      19.373435,
      19.277553
    ],
    "memory.recall": [
      1.125413,
      0.915937,
      0.887786,
      0.832782,
      0.879914,
      0.9339339999999999,
      0.9179499999999999,
      0.887264,
      0.8808750000000001,
      0.879644,
      0.875486,
      0.8847510000000001,
      0.835507,
      0.869718,
      0.867335,
      0.869518,
      0.866873,
      0.861716,
      0.861515,
      0.849867,
      0.835137,
      0.8576900000000001,
      0.86478,
      0.864981,
      0.8618560000000001,
      0.865862,
      0.842337,
      0.8745149999999999,
      0.867896,
      0.868266,
      0.951651,
      0.8999229999999999,
      0.874054,
      0.867425,
      1.022697,
      1.158252,
      1.139193,
      0.903529,
      0.9357770000000001,
      0.880565,
      0.8776390000000001,
      0.8514809999999999,
      1.0416670000000001,
      0.849258,
      0.9393929999999999,
      0.898851,
      0.869518,
      0.861756,
      0.857008,
      0.8708,
      0.865071,
      0.861224,
      0.8398429999999999,
      0.85174,
      0.85764,
      0.852512,
      0.855106,
      0.8541850000000001,
      0.847275,
      0.83789
    ],
    "provider.fast": [
      15.260579,
      15.204627,
      15.334641,
      15.294972,
      15.507201,
      15.388082,
      15.305888,
      15.256243,
      15.31996,
      15.270716,
      15.246288999999999,
      15.257166000000002,
      15.492398,
      15.358287,
      15.288532,
      15.360751,
      15.498118,
      15.188391000000001,
      15.235823,
      15.224134,
      15.291958,
      15.191316,
      15.184875,
      15.193229,
      15.194371,
      15.375272,
      15.217696,
      16.089536000000003,
      15.26046,
      15.421723,
      15.338696,
      15.398558999999999,
      15.277366,
      15.341843,
      15.386298,
      15.337207000000001,
      15.278425,
      15.428424,
      15.252778,
      15.249232,
      15.361491999999998,
      15.315563000000001,
      15.235814,
      14.265132999999999,
      15.250465,
      15.253189,
      15.22109,
      14.247246,
      15.315403,
      15.31364,
      14.395748999999999,
      15.257526,
      15.245346999999999,
      15.313211,
      15.503085,
      15.308191,
      15.315203,
      16.160845,
      15.384146,
      15.262163000000001
    ],
    "provider.normal": [
      32.295076,
      33.428986,
      33.289433,
      33.460651,
      33.38828,
      32.371193999999996,
      33.258819,
      33.411077,
      33.286237,
      33.253771,
      33.375925,
      33.37992800000001,
      33.347151,
      33.328641,
      32.425956,
      33.259749,
      33.499649999999995,
      33.356635000000004,
      33.499489,
      33.359109,
      33.325168000000005,
      33.28046,
      32.412526,
      33.286757,
      33.416556,
      33.344848000000006,
      33.322052,
      33.258477,
      32.475009,
      33.364346000000005,
      33.41915899999999,
      33.279207,
      33.439370000000004,
      33.304656,
      33.399329,
      33.3334,
      33.240811,
      33.454271,
      33.283283,
      32.4283,
      33.20688,
      33.327541000000004,
      33.295442,
      33.341492,
      33.275323,
      33.399229000000005,
      33.290015,
      33.481453,
      32.352314,
      33.491766999999996,
      33.305388,
      33.359609,
      33.289493,
      33.525648999999994,
      33.411656,
      33.549597,
      33.269134,
      33.324535000000004,
      33.228833,
      33.418637000000004
    ],
    "tool.exec": [
      12.244283,
      12.263373,
      11.378723,
      12.319717,
      12.356123,
      11.289549,
      12.263051,
      12.200198,
      12.280659,
      12.180318000000002,
      12.191025,
      12.257934,
      12.289952999999999,
      11.393244000000001,
      12.259437,
      12.200608,
      12.217214,
      13.373331,
      12.346889,
      12.18231,
      12.268401,
      12.190512,
      12.199468,
      12.329533,
      12.198335,
      12.291895,
      12.25452,
      12.289312,
      12.292836999999999,
      12.322029,
      12.265466,
      12.256283,
      12.265317,
      12.208732,
      12.373758,
      12.263453,
      12.250323999999999,
      12.321841,
      12.339537,
      12.525438,
      12.275791,
      12.296051,
      12.276232,
      12.242772,
      12.358244000000001,
      12.28796,
      12.258626,
      12.283364,
      12.290423,
      12.321551,
      12.213198,
      12.205194,
      12.353759,
      12.34055,
      12.345315000000001,
      11.267335,
      12.285757,
      12.220088,
      12.226198,
      11.286202000000001
    ],